Amendment(NC27): Anna McMorrin(Labour), Janet Daby(Labour), Jess Phillips(Labour), Ellie Reeves(Labour), Tonia Antoniazzi(Labour), Sarah Champion(Labour), Maria Eagle(Labour)
Amendment(_65): Maria Eagle(Labour), Janet Daby(Labour), Sarah Champion(Labour)
Amendment(_21): Anna McMorrin(Labour), Janet Daby(Labour), Jess Phillips(Labour), Ellie Reeves(Labour), Tonia Antoniazzi(Labour), Sarah Champion(Labour), Maria Eagle(Labour)
Amendment(_22): Anna McMorrin(Labour), Janet Daby(Labour), Jess Phillips(Labour), Ellie Reeves(Labour), Tonia Antoniazzi(Labour), Sarah Champion(Labour), Maria Eagle(Labour)
Amendment(_66): Maria Eagle(Labour), Janet Daby(Labour), Sarah Champion(Labour)
Amendment(_67): Maria Eagle(Labour), Janet Daby(Labour), Sarah Champion(Labour)
Amendment(_68): Maria Eagle(Labour), Janet Daby(Labour), Sarah Champion(Labour)
Amendment(_69): Maria Eagle(Labour), Janet Daby(Labour), Sarah Champion(Labour)
Amendment(_24): Anna McMorrin(Labour), Janet Daby(Labour), Jess Phillips(Labour), Ellie Reeves(Labour), Tonia Antoniazzi(Labour), Sarah Champion(Labour), Maria Eagle(Labour)
Amendment(_70): Maria Eagle(Labour), Janet Daby(Labour), Sarah Champion(Labour)
Amendment(_71): Maria Eagle(Labour), Janet Daby(Labour), Sarah Champion(Labour)
Amendment(_74): Maria Eagle(Labour), Janet Daby(Labour), Sarah Champion(Labour)
Amendment(_72): Maria Eagle(Labour), Janet Daby(Labour), Sarah Champion(Labour)
Amendment(_73): Maria Eagle(Labour), Janet Daby(Labour), Sarah Champion(Labour)
Amendment(_75): Maria Eagle(Labour), Janet Daby(Labour), Sarah Champion(Labour)
Amendment(_76): Maria Eagle(Labour), Janet Daby(Labour), Sarah Champion(Labour)
Amendment(_77): Maria Eagle(Labour), Janet Daby(Labour), Sarah Champion(Labour)
Amendment(_78): Maria Eagle(Labour), Janet Daby(Labour), Sarah Champion(Labour)
Amendment(_79): Maria Eagle(Labour), Janet Daby(Labour), Sarah Champion(Labour)
Amendment(_25): Anna McMorrin(Labour), Janet Daby(Labour), Jess Phillips(Labour), Ellie Reeves(Labour), Tonia Antoniazzi(Labour), Sarah Champion(Labour), Maria Eagle(Labour)
Amendment(_23): Anna McMorrin(Labour), Janet Daby(Labour), Jess Phillips(Labour), Ellie Reeves(Labour), Tonia Antoniazzi(Labour), Maria Eagle(Labour)
Amendment(_Gov_35): Edward Argar(Conservative)
Amendment(_Gov_36): Edward Argar(Conservative)
Amendment(_Gov_37): Edward Argar(Conservative)
Amendment(_96): Ellie Reeves(Labour), Anna McMorrin(Labour), Jess Phillips(Labour), Tonia Antoniazzi(Labour), Janet Daby(Labour)
Amendment(_118): Ellie Reeves(Labour), Anna McMorrin(Labour), Jess Phillips(Labour), Tonia Antoniazzi(Labour), Janet Daby(Labour)
Amendment(_93): Ellie Reeves(Labour), Anna McMorrin(Labour), Jess Phillips(Labour), Tonia Antoniazzi(Labour), Janet Daby(Labour)
Amendment(_92): Ellie Reeves(Labour), Anna McMorrin(Labour), Jess Phillips(Labour), Tonia Antoniazzi(Labour), Janet Daby(Labour)
Amendment(_91): Ellie Reeves(Labour), Anna McMorrin(Labour), Jess Phillips(Labour), Tonia Antoniazzi(Labour), Janet Daby(Labour)
Amendment(_94): Ellie Reeves(Labour), Anna McMorrin(Labour), Jess Phillips(Labour), Tonia Antoniazzi(Labour), Janet Daby(Labour)
Amendment(_95): Ellie Reeves(Labour), Anna McMorrin(Labour), Jess Phillips(Labour), Tonia Antoniazzi(Labour), Janet Daby(Labour)
Amendment(_97): Ellie Reeves(Labour), Anna McMorrin(Labour), Jess Phillips(L